repetition,repetition_seed,method,method_label,status,smoke_test,final_model_mse,paired_baseline_mse,improvement_percent,improved,total_fwi_update_count,candidate_fwi_update_evaluations,number_design_updates,runtime_fwi_seconds,runtime_design_seconds,runtime_total_seconds,rss_start_mb,peak_rss_mb,peak_rss_increase_mb,resumed_invocation,metadata_path,arrays_path
0,732827411,baseline,Fixed receiver layout,completed,False,3335.0126953125,3335.0126953125,0.0,False,100,100,0,165.8556790780276,0.0,167.67698520515114,280.796875,1654.203125,1373.40625,False,/home/merciera/git/Hybrid-OED/oed_multiseed_full_autodiff_results/scientific/repetition_000/baseline.json,/home/merciera/git/Hybrid-OED/oed_multiseed_full_autodiff_results/scientific/repetition_000/baseline.npz
0,732827411,illumination,Stochastic illumination,completed,False,3158.24609375,3335.0126953125,5.300327696231947,True,100,100,5,169.35380673781037,182.9652990316972,357.32954987324774,425.13671875,10547.9453125,10122.80859375,False,/home/merciera/git/Hybrid-OED/oed_multiseed_full_autodiff_results/scientific/repetition_000/illumination.json,/home/merciera/git/Hybrid-OED/oed_multiseed_full_autodiff_results/scientific/repetition_000/illumination.npz
0,732827411,waveform_misfit,Waveform misfit,completed,False,3071.726806640625,3335.0126953125,7.894599293188129,True,100,100,5,,503.7423668997362,503.749196395278,590.27734375,68269.3125,67679.03515625,False,/home/merciera/git/Hybrid-OED/oed_multiseed_full_autodiff_results/scientific/repetition_000/waveform_misfit.json,/home/merciera/git/Hybrid-OED/oed_multiseed_full_autodiff_results/scientific/repetition_000/waveform_misfit.npz
0,732827411,oracle,Oracle model error,completed,False,2951.037109375,3335.0126953125,11.51346699450931,True,100,100,5,,481.28791006840765,481.2941401079297,709.2109375,66509.515625,65800.3046875,False,/home/merciera/git/Hybrid-OED/oed_multiseed_full_autodiff_results/scientific/repetition_000/oracle.json,/home/merciera/git/Hybrid-OED/oed_multiseed_full_autodiff_results/scientific/repetition_000/oracle.npz
1,789618308,baseline,Fixed receiver layout,completed,False,3473.09521484375,3473.09521484375,0.0,False,100,100,0,165.2295102821663,0.0,165.70736815966666,730.26953125,1961.4921875,1231.22265625,False,/home/merciera/git/Hybrid-OED/oed_multiseed_full_autodiff_results/scientific/repetition_001/baseline.json,/home/merciera/git/Hybrid-OED/oed_multiseed_full_autodiff_results/scientific/repetition_001/baseline.npz
1,789618308,illumination,Stochastic illumination,completed,False,2340.080810546875,3473.09521484375,32.622612805271096,True,100,100,5,168.5980289010331,183.32621336448938,356.4573429636657,732.62109375,10731.82421875,9999.203125,False,/home/merciera/git/Hybrid-OED/oed_multiseed_full_autodiff_results/scientific/repetition_001/illumination.json,/home/merciera/git/Hybrid-OED/oed_multiseed_full_autodiff_results/scientific/repetition_001/illumination.npz
1,789618308,waveform_misfit,Waveform misfit,completed,False,2902.051025390625,3473.09521484375,16.441938793169985,True,100,100,5,,501.87913405988365,501.8862835932523,765.16796875,68413.26953125,67648.1015625,False,/home/merciera/git/Hybrid-OED/oed_multiseed_full_autodiff_results/scientific/repetition_001/waveform_misfit.json,/home/merciera/git/Hybrid-OED/oed_multiseed_full_autodiff_results/scientific/repetition_001/waveform_misfit.npz
1,789618308,oracle,Oracle model error,completed,False,2579.9697265625,3473.09521484375,25.715548611051556,True,100,100,5,,478.03234865516424,478.03858129121363,854.06640625,66651.390625,65797.32421875,False,/home/merciera/git/Hybrid-OED/oed_multiseed_full_autodiff_results/scientific/repetition_001/oracle.json,/home/merciera/git/Hybrid-OED/oed_multiseed_full_autodiff_results/scientific/repetition_001/oracle.npz
2,149505632,baseline,Fixed receiver layout,completed,False,3309.67529296875,3309.67529296875,0.0,False,100,100,0,165.45598533190787,0.0,165.82176801934838,871.84375,2101.5,1229.65625,False,/home/merciera/git/Hybrid-OED/oed_multiseed_full_autodiff_results/scientific/repetition_002/baseline.json,/home/merciera/git/Hybrid-OED/oed_multiseed_full_autodiff_results/scientific/repetition_002/baseline.npz
2,149505632,illumination,Stochastic illumination,completed,False,2971.61767578125,3309.67529296875,10.21422306610221,True,100,100,5,167.61880297213793,183.05341425538063,355.1886599268764,872.57421875,10862.421875,9989.84765625,False,/home/merciera/git/Hybrid-OED/oed_multiseed_full_autodiff_results/scientific/repetition_002/illumination.json,/home/merciera/git/Hybrid-OED/oed_multiseed_full_autodiff_results/scientific/repetition_002/illumination.npz
2,149505632,waveform_misfit,Waveform misfit,completed,False,2859.2314453125,3309.67529296875,13.60991057380151,True,100,100,5,,503.0469869459048,503.05402064230293,891.70703125,68536.09375,67644.38671875,False,/home/merciera/git/Hybrid-OED/oed_multiseed_full_autodiff_results/scientific/repetition_002/waveform_misfit.json,/home/merciera/git/Hybrid-OED/oed_multiseed_full_autodiff_results/scientific/repetition_002/waveform_misfit.npz
2,149505632,oracle,Oracle model error,completed,False,2559.2666015625,3309.67529296875,22.673181656232504,True,100,100,5,,479.0487206541002,479.0553860254586,977.0078125,66774.2265625,65797.21875,False,/home/merciera/git/Hybrid-OED/oed_multiseed_full_autodiff_results/scientific/repetition_002/oracle.json,/home/merciera/git/Hybrid-OED/oed_multiseed_full_autodiff_results/scientific/repetition_002/oracle.npz
3,441330971,baseline,Fixed receiver layout,completed,False,3353.474365234375,3353.474365234375,0.0,False,100,100,0,165.60125932563096,0.0,166.028394238092,994.17578125,2224.8671875,1230.69140625,False,/home/merciera/git/Hybrid-OED/oed_multiseed_full_autodiff_results/scientific/repetition_003/baseline.json,/home/merciera/git/Hybrid-OED/oed_multiseed_full_autodiff_results/scientific/repetition_003/baseline.npz
3,441330971,illumination,Stochastic illumination,completed,False,2794.445556640625,3353.474365234375,16.670138122695306,True,100,100,5,168.93352644518018,183.20858609024435,356.64932168927044,995.9921875,10982.80859375,9986.81640625,False,/home/merciera/git/Hybrid-OED/oed_multiseed_full_autodiff_results/scientific/repetition_003/illumination.json,/home/merciera/git/Hybrid-OED/oed_multiseed_full_autodiff_results/scientific/repetition_003/illumination.npz
3,441330971,waveform_misfit,Waveform misfit,completed,False,3178.866943359375,3353.474365234375,5.206761789658012,True,100,100,5,,502.88617395889014,502.8930571526289,1015.29296875,68661.1796875,67645.88671875,False,/home/merciera/git/Hybrid-OED/oed_multiseed_full_autodiff_results/scientific/repetition_003/waveform_misfit.json,/home/merciera/git/Hybrid-OED/oed_multiseed_full_autodiff_results/scientific/repetition_003/waveform_misfit.npz
3,441330971,oracle,Oracle model error,completed,False,2672.4462890625,3353.474365234375,20.30813425121494,True,100,100,5,,478.56096633244306,478.5677613085136,1102.07421875,66897.15234375,65795.078125,False,/home/merciera/git/Hybrid-OED/oed_multiseed_full_autodiff_results/scientific/repetition_003/oracle.json,/home/merciera/git/Hybrid-OED/oed_multiseed_full_autodiff_results/scientific/repetition_003/oracle.npz
4,3996846613,baseline,Fixed receiver layout,completed,False,3386.572265625,3386.572265625,0.0,False,100,100,0,165.03715037927032,0.0,165.48883334826678,1117.91796875,2347.97265625,1230.0546875,False,/home/merciera/git/Hybrid-OED/oed_multiseed_full_autodiff_results/scientific/repetition_004/baseline.json,/home/merciera/git/Hybrid-OED/oed_multiseed_full_autodiff_results/scientific/repetition_004/baseline.npz
4,3996846613,illumination,Stochastic illumination,completed,False,2396.970458984375,3386.572265625,29.221340311720517,True,100,100,5,168.77932217344642,183.7112876456231,356.900481056422,1118.87109375,11103.52734375,9984.65625,False,/home/merciera/git/Hybrid-OED/oed_multiseed_full_autodiff_results/scientific/repetition_004/illumination.json,/home/merciera/git/Hybrid-OED/oed_multiseed_full_autodiff_results/scientific/repetition_004/illumination.npz
4,3996846613,waveform_misfit,Waveform misfit,completed,False,3042.4892578125,3386.572265625,10.160214542151477,True,100,100,5,,503.4225272135809,503.42914501205087,1133.76171875,68781.6796875,67647.91796875,False,/home/merciera/git/Hybrid-OED/oed_multiseed_full_autodiff_results/scientific/repetition_004/waveform_misfit.json,/home/merciera/git/Hybrid-OED/oed_multiseed_full_autodiff_results/scientific/repetition_004/waveform_misfit.npz
4,3996846613,oracle,Oracle model error,completed,False,3001.914794921875,3386.572265625,11.358312787461973,True,100,100,5,,477.91795013844967,477.9243582319468,1222.58984375,67016.7734375,65794.18359375,False,/home/merciera/git/Hybrid-OED/oed_multiseed_full_autodiff_results/scientific/repetition_004/oracle.json,/home/merciera/git/Hybrid-OED/oed_multiseed_full_autodiff_results/scientific/repetition_004/oracle.npz
5,723256431,baseline,Fixed receiver layout,completed,False,3287.058837890625,3287.058837890625,0.0,False,100,100,0,166.34262418560684,0.0,167.95453494787216,279.0703125,1660.921875,1381.8515625,True,/home/merciera/git/Hybrid-OED/oed_multiseed_full_autodiff_results/scientific/repetition_005/baseline.json,/home/merciera/git/Hybrid-OED/oed_multiseed_full_autodiff_results/scientific/repetition_005/baseline.npz
5,723256431,illumination,Stochastic illumination,completed,False,2794.26904296875,3287.058837890625,14.991815456461637,True,100,100,5,169.31068839225918,182.99811283592135,357.3459551529959,431.84375,10553.0703125,10121.2265625,True,/home/merciera/git/Hybrid-OED/oed_multiseed_full_autodiff_results/scientific/repetition_005/illumination.json,/home/merciera/git/Hybrid-OED/oed_multiseed_full_autodiff_results/scientific/repetition_005/illumination.npz
5,723256431,waveform_misfit,Waveform misfit,completed,False,3017.835693359375,3287.058837890625,8.190396272432293,True,100,100,5,,503.1898377696052,503.196410657838,596.89453125,68275.04296875,67678.1484375,True,/home/merciera/git/Hybrid-OED/oed_multiseed_full_autodiff_results/scientific/repetition_005/waveform_misfit.json,/home/merciera/git/Hybrid-OED/oed_multiseed_full_autodiff_results/scientific/repetition_005/waveform_misfit.npz
5,723256431,oracle,Oracle model error,completed,False,2530.592041015625,3287.058837890625,23.013485130081843,True,100,100,5,,481.12971545383334,481.13634621258825,715.2734375,66514.79296875,65799.51953125,True,/home/merciera/git/Hybrid-OED/oed_multiseed_full_autodiff_results/scientific/repetition_005/oracle.json,/home/merciera/git/Hybrid-OED/oed_multiseed_full_autodiff_results/scientific/repetition_005/oracle.npz
6,4260868239,baseline,Fixed receiver layout,completed,False,3399.911376953125,3399.911376953125,0.0,False,100,100,0,165.60438779182732,0.0,166.02389902900904,735.0078125,1967.4609375,1232.453125,True,/home/merciera/git/Hybrid-OED/oed_multiseed_full_autodiff_results/scientific/repetition_006/baseline.json,/home/merciera/git/Hybrid-OED/oed_multiseed_full_autodiff_results/scientific/repetition_006/baseline.npz
6,4260868239,illumination,Stochastic illumination,completed,False,2966.16552734375,3399.911376953125,12.757563404434443,True,100,100,5,168.7353192968294,183.32325507700443,356.512496731244,738.5859375,10732.58203125,9993.99609375,True,/home/merciera/git/Hybrid-OED/oed_multiseed_full_autodiff_results/scientific/repetition_006/illumination.json,/home/merciera/git/Hybrid-OED/oed_multiseed_full_autodiff_results/scientific/repetition_006/illumination.npz
6,4260868239,waveform_misfit,Waveform misfit,completed,False,3223.816650390625,3399.911376953125,5.179391667564865,True,100,100,5,,503.9737861668691,503.97978109586984,763.40625,68413.3359375,67649.9296875,True,/home/merciera/git/Hybrid-OED/oed_multiseed_full_autodiff_results/scientific/repetition_006/waveform_misfit.json,/home/merciera/git/Hybrid-OED/oed_multiseed_full_autodiff_results/scientific/repetition_006/waveform_misfit.npz
6,4260868239,oracle,Oracle model error,completed,False,2955.66845703125,3399.911376953125,13.066308814201772,True,100,100,5,,478.8376624826342,478.84396451804787,853.3046875,66650.37890625,65797.07421875,True,/home/merciera/git/Hybrid-OED/oed_multiseed_full_autodiff_results/scientific/repetition_006/oracle.json,/home/merciera/git/Hybrid-OED/oed_multiseed_full_autodiff_results/scientific/repetition_006/oracle.npz
7,882882269,baseline,Fixed receiver layout,completed,False,3406.70068359375,3406.70068359375,0.0,False,100,100,0,165.3273085085675,0.0,165.81413955707103,871.14453125,2100.06640625,1228.921875,True,/home/merciera/git/Hybrid-OED/oed_multiseed_full_autodiff_results/scientific/repetition_007/baseline.json,/home/merciera/git/Hybrid-OED/oed_multiseed_full_autodiff_results/scientific/repetition_007/baseline.npz
7,882882269,illumination,Stochastic illumination,completed,False,2952.097900390625,3406.70068359375,13.344371150434082,True,100,100,5,169.05666159652174,183.09599453117698,356.64038752391934,870.98828125,10862.984375,9991.99609375,True,/home/merciera/git/Hybrid-OED/oed_multiseed_full_autodiff_results/scientific/repetition_007/illumination.json,/home/merciera/git/Hybrid-OED/oed_multiseed_full_autodiff_results/scientific/repetition_007/illumination.npz
7,882882269,waveform_misfit,Waveform misfit,completed,False,3098.1201171875,3406.70068359375,9.058047508909013,True,100,100,5,,502.86329467222095,502.86974737700075,893.69140625,68542.1328125,67648.44140625,True,/home/merciera/git/Hybrid-OED/oed_multiseed_full_autodiff_results/scientific/repetition_007/waveform_misfit.json,/home/merciera/git/Hybrid-OED/oed_multiseed_full_autodiff_results/scientific/repetition_007/waveform_misfit.npz
7,882882269,oracle,Oracle model error,completed,False,3044.956787109375,3406.70068359375,10.61859934529878,True,100,100,5,,479.6487947786227,479.65531288459897,983.04296875,66779.84765625,65796.8046875,True,/home/merciera/git/Hybrid-OED/oed_multiseed_full_autodiff_results/scientific/repetition_007/oracle.json,/home/merciera/git/Hybrid-OED/oed_multiseed_full_autodiff_results/scientific/repetition_007/oracle.npz
8,4133003042,baseline,Fixed receiver layout,completed,False,3387.38671875,3387.38671875,0.0,False,100,100,0,165.87566927075386,0.0,166.3580635143444,999.55078125,2228.5,1228.94921875,True,/home/merciera/git/Hybrid-OED/oed_multiseed_full_autodiff_results/scientific/repetition_008/baseline.json,/home/merciera/git/Hybrid-OED/oed_multiseed_full_autodiff_results/scientific/repetition_008/baseline.npz
8,4133003042,illumination,Stochastic illumination,completed,False,3013.59326171875,3387.38671875,11.034862212873817,True,100,100,5,169.03922085557133,183.6259361775592,357.2703777831048,999.51953125,10986.359375,9986.83984375,True,/home/merciera/git/Hybrid-OED/oed_multiseed_full_autodiff_results/scientific/repetition_008/illumination.json,/home/merciera/git/Hybrid-OED/oed_multiseed_full_autodiff_results/scientific/repetition_008/illumination.npz
8,4133003042,waveform_misfit,Waveform misfit,completed,False,2888.027099609375,3387.38671875,14.741736347271761,True,100,100,5,,502.0822260538116,502.08885387610644,1015.8046875,68664.23046875,67648.42578125,True,/home/merciera/git/Hybrid-OED/oed_multiseed_full_autodiff_results/scientific/repetition_008/waveform_misfit.json,/home/merciera/git/Hybrid-OED/oed_multiseed_full_autodiff_results/scientific/repetition_008/waveform_misfit.npz
8,4133003042,oracle,Oracle model error,completed,False,2329.94921875,3387.38671875,31.21691108212798,True,100,100,5,,478.96512865740806,478.9719450995326,1105.1484375,66902.2734375,65797.125,True,/home/merciera/git/Hybrid-OED/oed_multiseed_full_autodiff_results/scientific/repetition_008/oracle.json,/home/merciera/git/Hybrid-OED/oed_multiseed_full_autodiff_results/scientific/repetition_008/oracle.npz
9,4176891961,baseline,Fixed receiver layout,completed,False,3249.859375,3249.859375,0.0,False,100,100,0,165.1909988336265,0.0,165.65935086924583,1121.98828125,2353.55859375,1231.5703125,True,/home/merciera/git/Hybrid-OED/oed_multiseed_full_autodiff_results/scientific/repetition_009/baseline.json,/home/merciera/git/Hybrid-OED/oed_multiseed_full_autodiff_results/scientific/repetition_009/baseline.npz
9,4176891961,illumination,Stochastic illumination,completed,False,2574.502197265625,3249.859375,20.781120036443884,True,100,100,5,167.78942156489938,182.91245382092893,355.14798151887953,1124.46484375,11112.5703125,9988.10546875,True,/home/merciera/git/Hybrid-OED/oed_multiseed_full_autodiff_results/scientific/repetition_009/illumination.json,/home/merciera/git/Hybrid-OED/oed_multiseed_full_autodiff_results/scientific/repetition_009/illumination.npz
9,4176891961,waveform_misfit,Waveform misfit,completed,False,3133.447265625,3249.859375,3.582066050934896,True,100,100,5,,503.680303350091,503.68706821650267,1143.54296875,68788.33203125,67644.7890625,True,/home/merciera/git/Hybrid-OED/oed_multiseed_full_autodiff_results/scientific/repetition_009/waveform_misfit.json,/home/merciera/git/Hybrid-OED/oed_multiseed_full_autodiff_results/scientific/repetition_009/waveform_misfit.npz
9,4176891961,oracle,Oracle model error,completed,False,2696.9775390625,3249.859375,17.012484915212678,True,100,100,5,,478.85539187211543,478.862054746598,1228.9765625,67022.42578125,65793.44921875,True,/home/merciera/git/Hybrid-OED/oed_multiseed_full_autodiff_results/scientific/repetition_009/oracle.json,/home/merciera/git/Hybrid-OED/oed_multiseed_full_autodiff_results/scientific/repetition_009/oracle.npz
